Datum;Objem;Mìna;Protiúèet;Kód banky;Název protiúètu;VS;KS;SS;Zpráva pro pøíjemce;Typ
03.08.2026;-18000,00;CZK;2109876543;0800;Správa nemovitostí Kamenná s.r.o.;2026008;0308;;Nájem kanceláøe 08/2026;Trvalý pøíkaz
04.08.2026;14520,00;CZK;2400112233;2010;Pekárna U Mlýna s.r.o.;2026032;0308;;Faktura FV-2026-032;Bezhotovostní pøíjem
05.08.2026;-1290,00;CZK;;;;;;;Nákup: PIXELSOFT CLOUD, Dublin;Platba kartou
06.08.2026;12100,00;CZK;107-4471200287;0100;Truhlárna Dubový List s.r.o.;2026033;0308;;FV-2026-033 1. splátka;Bezhotovostní pøíjem
10.08.2026;-3872,00;CZK;2300445566;2010;Úèetní kanceláø Peèlivá s.r.o.;2026071;0308;;Vedení úèetnictví 07/2026;Bezhotovostní platba
12.08.2026;-1654,30;CZK;;;;;;;Nákup: ÈERPACÍ STANICE RYCHLÍK, Brno;Platba kartou
14.08.2026;-489,00;CZK;1000200030;0300;Telefonika a.s.;8812345678;;;Vyúètování 07/2026;Bezhotovostní platba
19.08.2026;9470,00;CZK;2900776611;2010;Cukrárna Sladký Ètvereèek s.r.o.;2026037;0308;;Úhrada faktury;Bezhotovostní pøíjem
20.08.2026;15000,00;CZK;2101334455;2700;Autoservis Rychlé Kolo s.r.o.;2026035;0308;;Èásteèná úhrada, zbytek do konce záøí;Bezhotovostní pøíjem
21.08.2026;-2178,00;CZK;2500600700;2010;Hosting Oblak s.r.o.;2026811;0308;;Hosting na rok 2026/27;Bezhotovostní platba
24.08.2026;-5808,00;CZK;3501122334;0300;Pivovar Žabí Louka s.r.o.;2026038;0308;;Faktura 2026038 - pivo na firemní akci;Bezhotovostní platba
25.08.2026;10890,00;CZK;670100-2208765431;6210;Zahradnictví Na Výsluní s.r.o.;2026036;0308;;FV-2026-036 + FV-2026-039;Bezhotovostní pøíjem
25.08.2026;-21840,00;CZK;7704-77628031;0710;Finanèní úøad pro Jihomoravský kraj;26779226;;;DPH 07/2026;Bezhotovostní platba
31.08.2026;-59,00;CZK;;;;;;;Poplatek za vedení úètu 08/2026;Poplatek
01.09.2026;16940,00;CZK;2800998877;2010;Fitness Železná Kotva s.r.o.;2026041;0308;;Platba za služby 08/2026;Bezhotovostní pøíjem
01.09.2026;-18000,00;CZK;2109876543;0800;Správa nemovitostí Kamenná s.r.o.;2026009;0308;;Nájem kanceláøe 09/2026;Trvalý pøíkaz
03.09.2026;12100,00;CZK;107-4471200287;0100;Truhlárna Dubový List s.r.o.;2026033;0308;;FV-2026-033 2. splátka;Bezhotovostní pøíjem
04.09.2026;11495,00;CZK;1020304050;5500;Elektro Svìtluška s.r.o.;2026024;0308;;Úhrada faktury;Bezhotovostní pøíjem
07.09.2026;-1290,00;CZK;;;;;;;Nákup: PIXELSOFT CLOUD, Dublin;Platba kartou
09.09.2026;3630,00;CZK;2601010101;2010;Kvìtináøství Pod Vìží s.r.o.;2026043;0308;;Faktura 2026043;Bezhotovostní pøíjem
10.09.2026;-3872,00;CZK;2300445566;2010;Úèetní kanceláø Peèlivá s.r.o.;2026081;0308;;Vedení úèetnictví 08/2026;Bezhotovostní platba
14.09.2026;14520,00;CZK;2400112233;2010;Pekárna U Mlýna s.r.o.;2026044;0308;;Faktura FV-2026-044;Bezhotovostní pøíjem
15.09.2026;-489,00;CZK;1000200030;0300;Telefonika a.s.;8812345678;;;Vyúètování 08/2026;Bezhotovostní platba
16.09.2026;7865,00;CZK;107-4471200287;0100;Truhlárna Dubový List s.r.o.;;;;Úhrada faktury FV-2026-045;Bezhotovostní pøíjem
18.09.2026;-7744,00;CZK;2004005006;2010;Tiskárna Barevný Svìt s.r.o.;2609112;0308;;Tisk katalogù;Bezhotovostní platba
22.09.2026;3500,00;CZK;2702020202;2700;Spolek Zelený Ostrùvek z.s.;2026099;0558;;Pøíspìvek na workshop, dìkujeme;Bezhotovostní pøíjem
25.09.2026;-18755,00;CZK;7704-77628031;0710;Finanèní úøad pro Jihomoravský kraj;26779226;;;DPH 08/2026;Bezhotovostní platba
28.09.2026;6050,00;CZK;2900776611;2010;Cukrárna Sladký Ètvereèek s.r.o.;2026048;0308;;Faktura FV-2026-048;Bezhotovostní pøíjem
30.09.2026;-59,00;CZK;;;;;;;Poplatek za vedení úètu 09/2026;Poplatek
01.10.2026;-18000,00;CZK;2109876543;0800;Správa nemovitostí Kamenná s.r.o.;2026010;0308;;Nájem kanceláøe 10/2026;Trvalý pøíkaz
05.10.2026;-1290,00;CZK;;;;;;;Nákup: PIXELSOFT CLOUD, Dublin;Platba kartou
07.10.2026;-1815,00;CZK;;;;;;;Nákup: KANCELÁØSKÉ POTØEBY PERO, Brno;Platba kartou
