Číslo faktury;VS;Odběratel;IČO;E-mail;Datum vystavení;Datum splatnosti;Částka;Měna
FV-2026-031;2026031;Hotel Zlatá Jeřabina s.r.o.;51315670;recepce.zlatajerabina@example.com;20.07.2026;03.08.2026;18150,00;CZK
FV-2026-032;2026032;Pekárna U Mlýna s.r.o.;58839879;pekarna.umlyna@example.com;22.07.2026;05.08.2026;14520,00;CZK
FV-2026-033;2026033;Truhlárna Dubový List s.r.o.;71440224;truhlarna.dubovylist@example.com;27.07.2026;10.08.2026;24200,00;CZK
FV-2026-034;2026034;Hotel Zlatá Jeřabina s.r.o.;51315670;recepce.zlatajerabina@example.com;29.07.2026;12.08.2026;7260,00;CZK
FV-2026-035;2026035;Autoservis Rychlé Kolo s.r.o.;42408857;autoservis.rychlekolo@example.com;03.08.2026;17.08.2026;31460,00;CZK
FV-2026-036;2026036;Zahradnictví Na Výsluní s.r.o.;31621520;zahradnictvi.navysluni@example.com;05.08.2026;19.08.2026;6655,00;CZK
FV-2026-037;2026037;Cukrárna Sladký Čtvereček s.r.o.;35614978;cukrarna.ctverecek@example.com;07.08.2026;21.08.2026;8470,00;CZK
FV-2026-038;2026038;Pivovar Žabí Louka s.r.o.;76760979;pivovar.zabilouka@example.com;10.08.2026;24.08.2026;12705,00;CZK
FV-2026-039;2026039;Zahradnictví Na Výsluní s.r.o.;31621520;zahradnictvi.navysluni@example.com;12.08.2026;26.08.2026;4235,00;CZK
FV-2026-040;2026040;Knihkupectví Šedá Sova s.r.o.;20539819;knihkupectvi.sedasova@example.com;14.08.2026;28.08.2026;9075,00;CZK
FV-2026-041;2026041;Fitness Železná Kotva s.r.o.;48380806;fitness.zeleznakotva@example.com;19.08.2026;02.09.2026;16940,00;CZK
FV-2026-042;2026042;Elektro Světluška s.r.o.;62176412;elektro.svetluska@example.com;24.08.2026;07.09.2026;11495,00;CZK
FV-2026-043;2026043;Květinářství Pod Věží s.r.o.;58899782;kvetinarstvi.podvezi@example.com;28.08.2026;11.09.2026;3630,00;CZK
FV-2026-044;2026044;Pekárna U Mlýna s.r.o.;58839879;pekarna.umlyna@example.com;01.09.2026;15.09.2026;14520,00;CZK
FV-2026-045;2026045;Truhlárna Dubový List s.r.o.;71440224;truhlarna.dubovylist@example.com;04.09.2026;18.09.2026;7865,00;CZK
FV-2026-046;2026046;Kavárna Modrá Hvězda s.r.o.;70725811;kavarna.modrahvezda@example.com;07.09.2026;21.09.2026;5445,00;CZK
FV-2026-047;2026047;Fitness Železná Kotva s.r.o.;48380806;fitness.zeleznakotva@example.com;11.09.2026;25.09.2026;9680,00;CZK
FV-2026-048;2026048;Cukrárna Sladký Čtvereček s.r.o.;35614978;cukrarna.ctverecek@example.com;15.09.2026;29.09.2026;6050,00;CZK
