order_id;date;customer_email;customer_name;total_czk;status
1001;03.07.2026;jana.novakova@example.com;Jana Nováková;1 250,00;completed
1002;05.07.2026;petr.svoboda@example.com;Petr Svoboda;890,50;completed
1003;12.07.2026;Jana.Novakova@example.com;Jana Nováková;2 100,00;completed
1004;15.07.2026;eva.kralova@example.com;Eva Králová;450,00;cancelled
1005;20.07.2026;tomas.dvorak@example.com;Tomáš Dvořák;3 999,90;completed
1006;02.08.2026;petr.svoboda@example.com;Petr Svoboda;1 109,50;completed
1007;18.08.2026;lucie.cerna@example.com;Lucie Černá;640,00;completed
1008;25.08.2026;jana.novakova@example.com;Jana Nováková;-250,00;refunded
1009;01.09.2026;eva.kralova@example.com;Eva Králová;1 780,00;completed
1010;14.09.2026;lucie.cerna@example.com;Lucie Černá;920,00;completed
1011;28.09.2026;martin.horak@example.com;Martin Horák;5 400,00;completed
1012;30.09.2026;petr.svoboda@example.com;Petr Svoboda;700,00;completed
